{
  "token_type": {
    "inputTokens": {
      "total_tokens": 4457,
      "total_costs": 0.00111425
    },
    "outputTokens": {
      "total_tokens": 960,
      "total_costs": 0.0012000000000000001
    }
  },
  "grand_total": {
    "tokens": 5417,
    "costs": 0.0023142500000000003
  }
}
